episode,bot,mentions,mean_sentiment,yt_comments,reddit_comments
101,Bloodsport,0,,0,0
101,Cobalt,0,,0,0
101,Copperhead,1,,1,0
101,DeathRoll,20,0.11352,17,3
101,Disarray,0,,0,0
101,End Game,34,0.19671,31,3
101,Golden Fury,30,-0.201645,27,3
101,HUGE,39,0.25378500000000004,36,3
101,HyperShock,36,-0.12355294117647059,31,5
101,JackPot,1,,1,0
101,MadCatter,2,,2,0
101,Magnitude,0,,0,0
101,Malice,32,0.42183333333333334,28,4
101,Manta,1,,1,0
101,Minotaur,6,0.6191666666666666,6,0
101,Orbitron,1,,1,0
101,Ribbot,1,,1,0
101,Skorpios,0,,0,0
101,Switchback,0,,0,0
101,Terrortops,0,,0,0
101,The Twins,0,,0,0
101,Tombstone,9,0.19962,9,0
101,Valkyrie,0,,0,0
101,Witch Doctor,2,,2,0
102,Bloodsport,0,,0,0
102,Cobalt,0,,0,0
102,Copperhead,18,0.1304,11,7
102,DeathRoll,0,,0,0
102,Disarray,0,,0,0
102,End Game,0,,0,0
102,Golden Fury,2,,1,1
102,HUGE,5,,4,1
102,HyperShock,0,,0,0
102,JackPot,11,0.22846666666666668,7,4
102,MadCatter,20,0.13103333333333333,12,8
102,Magnitude,0,,0,0
102,Malice,0,,0,0
102,Manta,16,-0.6557666666666666,8,8
102,Minotaur,0,,0,0
102,Orbitron,1,,1,0
102,Ribbot,3,,3,0
102,Skorpios,17,,8,9
102,Switchback,1,,1,0
102,Terrortops,1,,1,0
102,The Twins,0,,0,0
102,Tombstone,47,0.19346923076923075,36,11
102,Valkyrie,0,,0,0
102,Witch Doctor,1,,1,0
